id,language,analysis_kind,priority,disposition,apis,title,contract,sources,status
python-queue-task-accounting,python,typestate,P2,candidate,queue.Queue.put; queue.Queue.get; queue.Queue.task_done; queue.Queue.join; queue.SimpleQueue (excluded: no task_done/join contract); asyncio.Queue.put/get/task_done/join (separate async surface),Queue work items need one completion acknowledgement per successful get,"For each value returned by exact Queue.get()/get_nowait() on the same queue instance, the consumer must eventually mark the work complete with one task_done(), or transfer/requeue responsibility before acknowledging the current item, so a corresponding join() does not remain outstanding. queue.Queue.shutdown(immediate=True), introduced in Python 3.13, intentionally changes join accounting and must not be reported as missing worker acknowledgements. Do not infer correctness from qsize()/empty(). task_done decrements a queue-level count and takes no item argument: a per-item acknowledgement obligation needs an explicit worker-ownership profile and global puts/gets accounting; retries and delegated acknowledgements must be modeled.",https://docs.python.org/3.13/library/queue.html; https://docs.python.org/3.13/library/asyncio-queue.html,research-only
python-socketserver-shutdown-thread-state,python,typestate,P2,candidate,socketserver.BaseServer.serve_forever; socketserver.BaseServer.shutdown; socketserver.BaseServer.server_close,BaseServer.shutdown must stop a running serve_forever loop from another thread,"For the same BaseServer object, shutdown() is safe only while serve_forever() is running in a different thread; shutdown() requests stop and waits. server_close() is a distinct cleanup action and is not a substitute for shutdown().",https://docs.python.org/3.13/library/socketserver.html,research-only
python-xinclude-untrusted-href,python,taint,P2,candidate,xml.etree.ElementTree.fromstring; xml.etree.ElementTree.parse; xml.etree.ElementInclude.include; xml.etree.ElementInclude.default_loader,Untrusted XInclude href can select a local resource through ElementInclude's default loader,"Taint must flow from untrusted XML input into an XInclude element's href, through an exact ElementInclude.include() call using the default loader (loader omitted/None), to a local resource read. A custom loader with a proven restrictive policy or a fixed trusted XML document is a control. The documented max_depth bounds recursion but does not establish href trust.",https://docs.python.org/3.13/library/xml.etree.elementtree.html; https://docs.python.org/3.13/library/xml.html,research-only
python-multiprocessing-connection-recv-pickle,python,taint,P1,candidate,multiprocessing.connection.Connection.recv; multiprocessing.connection.Connection.recv_bytes; multiprocessing.connection.Listener; multiprocessing.connection.Client; multiprocessing.Pipe,Connection.recv implicitly unpickles messages from a peer,"An exact Connection.recv() on a connection whose peer is not established as trusted/authenticated performs implicit pickle deserialization. recv_bytes() returns bytes and is not itself the same object-construction sink. Listener/Client authentication configuration and Pipe's process-local context affect trust; do not infer untrustedness merely from the method name. Peer authentication establishes credential possession, not automatically benign payloads; only an explicit trusted-peer contract discharges the object-deserialization trust boundary.",https://docs.python.org/3.13/library/multiprocessing.html; https://docs.python.org/3.13/library/pickle.html,research-only
python-logging-config-listener-verification,python,taint + verification gate,P2,candidate,logging.config.listen; logging.config.stopListening; logging.config.dictConfig; logging.config.fileConfig,A logging configuration listener needs a verification gate before processing received config,"When a logging.config.listen() thread processes bytes that may be supplied by an untrusted local user, a verify callback should authenticate/decrypt and return accepted bytes or None. Absence of verify is only reportable under an applicable untrusted-local-user threat profile; localhost binding does not mean mutually trusted callers.",https://docs.python.org/3.13/library/logging.config.html; https://docs.python.org/3.13/library/security_warnings.html,research-only
python-dynamic-import-untrusted-name,python,taint,P2,candidate,importlib.import_module; builtins.__import__; importlib.util.spec_from_file_location; importlib.util.module_from_spec,Untrusted module names can reach importlib.import_module and execute selected module initialization,Report only when untrusted data reaches the exact module-name argument of a dynamic import and the selected module executes under the application's authority without a proven allowlist/registry gate. File-based loading is a related but distinct path-and-loader contract.,https://docs.python.org/3.13/library/importlib.html,research-only
python-ctypes-dynamic-library-load,python,taint,P2,deferred-proof-heavy,ctypes.CDLL; ctypes.PyDLL; ctypes.WinDLL; ctypes.OleDLL; ctypes.cdll.LoadLibrary; ctypes.windll.LoadLibrary,Untrusted library names reaching ctypes loaders can load native code into the process,"Taint reaching the exact library-name argument is dangerous only when resolution can select an attacker-controlled or untrusted native library. A constant, trusted absolute path or complete allowlist is a control. Platform search paths, dependent libraries, handles, and preloaded objects alter what name resolution means.",https://docs.python.org/3.13/library/ctypes.html,research-only
python-ssl-client-verification-typestate,python,typestate,P1,candidate,ssl.create_default_context; ssl.SSLContext; ssl.PROTOCOL_TLS_CLIENT; ssl.CERT_REQUIRED; ssl.CERT_NONE; SSLContext.verify_mode; SSLContext.check_hostname; SSLContext.wrap_socket; SSLContext.wrap_bio,Client TLS contexts must preserve certificate-chain and hostname verification through wrap_socket,"For client-side peer authentication, the context at handshake must have certificate verification enabled (CERT_REQUIRED) and hostname checking enabled, and wrap_socket/wrap_bio must supply the intended server_hostname. create_default_context() and PROTOCOL_TLS_CLIENT establish the documented secure baseline; later mutations can invalidate it. Server-side client-certificate authentication is a separate contract.",https://docs.python.org/3.13/library/ssl.html,research-only
jvm-zip-entry-containment,JVM (Java; Kotlin/Scala callers of JDK members),taint,P1,candidate,java.util.zip.ZipInputStream.getNextEntry / ZipFile.entries or stream; java.util.zip.ZipEntry.getName; java.nio.file.Path.resolve/normalize/startsWith; java.nio.file.Files.newOutputStream/copy or java.io.FileOutputStream,Contain JDK ZIP entry paths before filesystem writes,"ZipEntry.getName returns the entry name. Before writing, reject rooted paths and establish that the normalized candidate remains beneath the normalized extraction root using Path component semantics, not a string prefix. Lexical normalization alone does not prove safety against symlink or filesystem races.",https://docs.oracle.com/en/java/javase/21/docs/api/java.base/java/util/zip/ZipEntry.html; https://docs.oracle.com/en/java/javase/21/docs/api/java.base/java/util/zip/ZipInputStream.html; https://docs.oracle.com/en/java/javase/21/docs/api/java.base/java/nio/file/Path.html,research-only
jvm-jndi-filter-escaping,JVM (Java; Kotlin/Scala callers of JDK members),taint,P1,candidate,"javax.naming.directory.DirContext.search(String|Name, String filter, SearchControls); javax.naming.directory.DirContext.search(String|Name, String filterExpr, Object[] filterArgs, SearchControls); JDK built-in LDAP provider when provider identity is proven",Keep untrusted values out of JNDI LDAP filter syntax,The filter is RFC 2254/LDAP filter syntax. The filter-arguments overload substitutes values and performs escaping; string concatenation into the raw filter overload preserves attacker-controlled filter operators.,https://docs.oracle.com/en/java/javase/21/docs/api/java.naming/javax/naming/directory/DirContext.html; https://docs.oracle.com/javase/jndi/tutorial/ldap/search/search.html; https://docs.oracle.com/en/java/javase/21/docs/api/java.naming/javax/naming/directory/package-summary.html,research-only
jvm-aead-cipherinputstream-integrity,JVM (Java; Kotlin/Scala callers of JDK members),taint + typestate,P1,candidate,"javax.crypto.CipherInputStream(InputStream, Cipher); javax.crypto.Cipher.init(DECRYPT_MODE, ...); AEAD cipher identity such as AES/GCM/NoPadding; javax.crypto.Cipher.doFinal / AEADBadTagException as the comparison path",Do not consume AEAD plaintext through CipherInputStream,"For AEAD decryption, tag validation is a required success condition. CipherInputStream may catch integrity-check exceptions and not rethrow them; direct Cipher.doFinal reports an AEADBadTagException when the tag does not match.",https://docs.oracle.com/en/java/javase/21/docs/api/java.base/javax/crypto/CipherInputStream.html; https://docs.oracle.com/en/java/javase/21/docs/api/java.base/javax/crypto/Cipher.html; https://docs.oracle.com/en/java/javase/21/docs/api/java.base/javax/crypto/AEADBadTagException.html,research-only
gcm-nonce-reuse-same-key,JVM (Java/Kotlin/Scala) and C#/.NET,relational encryption protocol,P2,deferred-proof-heavy,"JDK javax.crypto.Cipher.getInstance(""AES/GCM/NoPadding"") + init(ENCRYPT_MODE, key, GCMParameterSpec) + doFinal; .NET System.Security.Cryptography.AesGcm.Encrypt(nonce, plaintext, ciphertext, tag, associatedData)",Require fresh GCM nonce values for each encryption under a key,"For distinct successful GCM encryptions using the same effective key, nonce/IV byte values must be unique. The rule does not apply to decryptions and must not infer key equality from variable names alone.",https://docs.oracle.com/en/java/javase/21/security/java-cryptography-architecture-jca-reference-guide.html; https://learn.microsoft.com/en-us/dotnet/api/system.security.cryptography.aesgcm.encrypt?view=net-10.0,research-only
dotnet-processstartinfo-executable-and-shell-boundary,C#/.NET,taint,P2,candidate,System.Diagnostics.ProcessStartInfo.FileName; ProcessStartInfo.Arguments; ProcessStartInfo.ArgumentList; ProcessStartInfo.UseShellExecute; System.Diagnostics.Process.Start,Track ProcessStartInfo executable selection and explicit shell parsing,"FileName selects the application/document to start. ArgumentList builds an escaped command-line representation for the OS; it does not neutralize a later command interpreter. UseShellExecute selects OS-shell launching behavior and varies by target/runtime defaults, so policy decisions must use explicit or resolved state. Attacker-controlled executable selection needs an explicit unauthorized-code/trust boundary; legitimate caller-authorized tool selection is not inherently a violation.",https://learn.microsoft.com/en-us/dotnet/api/system.diagnostics.processstartinfo?view=net-10.0; https://learn.microsoft.com/en-us/dotnet/api/system.diagnostics.processstartinfo.argumentlist?view=net-10.0; https://learn.microsoft.com/en-us/dotnet/api/system.diagnostics.processstartinfo.arguments?view=net-10.0,research-only
dotnet-xmlreader-external-dtd-resolution,C#/.NET,taint + typestate,P1,candidate,System.Xml.XmlReaderSettings.DtdProcessing; XmlReaderSettings.XmlResolver; System.Xml.XmlReader.Create; System.Xml.XmlTextReader.DtdProcessing/XmlResolver (separate versioned API),Require explicit safe DTD and resolver state for untrusted XML,DtdProcessing.Parse enables DTD processing. External resolution requires a resolver capable of opening the referenced resource. DtdProcessing.Prohibit rejects DTDs; XmlResolver=null blocks external resource resolution for XmlReaderSettings. Defaults are type- and framework-version-specific.,https://learn.microsoft.com/en-us/dotnet/api/system.xml.xmlreadersettings.dtdprocessing?view=net-10.0; https://learn.microsoft.com/en-us/dotnet/api/system.xml.xmlreadersettings.xmlresolver?view=net-10.0; https://learn.microsoft.com/en-us/dotnet/api/system.xml.xmlreader.create?view=net-10.0,research-only
dotnet-regex-unbounded-backtracking,C#/.NET,taint,P2,deferred-proof-heavy,"System.Text.RegularExpressions.Regex(String, RegexOptions, TimeSpan); Regex.MatchTimeout; Regex.IsMatch/Match/Replace/Split; RegexOptions.NonBacktracking where supported",Bound .NET backtracking regex work on attacker-controlled input,"A finite timeout bounds one matching operation and throws RegexMatchTimeoutException. Without an explicit or app-wide timeout, matching is infinite by default. NonBacktracking changes engine behavior for its supported syntax subset.",https://learn.microsoft.com/en-us/dotnet/api/system.text.regularexpressions.regex.matchtimeout?view=net-10.0; https://learn.microsoft.com/en-us/dotnet/standard/base-types/backtracking-in-regular-expressions,research-only
dotnet-rfc2898-weak-default-parameters,C#/.NET,match/configuration,P2,out-of-scope-match-lead,"System.Security.Cryptography.Rfc2898DeriveBytes(string, byte[]); Rfc2898DeriveBytes overloads omitting iteration count or HashAlgorithmName; Rfc2898DeriveBytes.Pbkdf2 one-shot APIs",Reject legacy PBKDF2 constructors with weak implicit defaults,The legacy defaults are 1000 iterations and HashAlgorithmName.SHA1. SYSLIB0041 marks default-parameter constructors obsolete from .NET 7. .NET 10 additionally obsoletes all instance constructors (SYSLIB0060) because PBKDF2 is intended as a one-shot operation.,https://learn.microsoft.com/en-us/dotnet/fundamentals/syslib-diagnostics/syslib0041; https://learn.microsoft.com/en-us/dotnet/api/system.security.cryptography.rfc2898derivebytes?view=net-10.0; https://learn.microsoft.com/en-us/dotnet/fundamentals/syslib-diagnostics/syslib0060,research-only
go-database-sql-tx-terminal,Go,typestate,P2,candidate,database/sql.DB.Begin; database/sql.DB.BeginTx; database/sql.Conn.BeginTx; database/sql.Tx.Commit; database/sql.Tx.Rollback,Complete database/sql transactions on every reachable exit,"For each successfully returned *sql.Tx, prove a terminal Commit or Rollback on that same transaction on all paths before ownership leaves the analyzed scope. BeginTx uses its context until terminal completion; cancellation makes database/sql roll back. DB.Begin uses context.Background internally, so there is no equivalent caller context cancellation path. Commit and Rollback both make later Tx operations fail with ErrTxDone.",https://pkg.go.dev/database/sql@go1.27.1; https://raw.githubusercontent.com/golang/go/go1.27.1/src/database/sql/sql.go,research-only
go-crypto-tls-client-skip-verification,Go,typestate,P1,candidate,crypto/tls.Config.InsecureSkipVerify; crypto/tls.Config.VerifyConnection; crypto/tls.Config.VerifyPeerCertificate; crypto/tls.Client; net/http.Transport.TLSClientConfig; crypto/tls.Conn.Handshake/HandshakeContext/Read/Write; net/http.Client.Do,Track InsecureSkipVerify into active TLS client configurations,Report only when the exact client-side tls.Config reaching tls.Client or an HTTP Transport has InsecureSkipVerify true and the analyzer can prove no custom verification callback is configured. A configured callback makes the outcome unresolved unless its behavior is itself proven; do not treat mere callback presence as safe. A zero/default false value retains the standard verification path. tls.Client construction and a Transport field assignment alone are not active handshakes; require a correlated executing consumer.,https://pkg.go.dev/crypto/tls@go1.27.1; https://raw.githubusercontent.com/golang/go/go1.27.1/src/crypto/tls/common.go,research-only
go-archive-extraction-root-confinement,Go,taint,P2,candidate,archive/tar.Reader.Next; archive/tar.Header.Name; archive/zip.File.Name; archive/zip.File.Open; os.OpenRoot; os.Root.OpenFile/Create/Mkdir; os.OpenInRoot; os.OpenFile; os.Create; filepath.Join,Confine stdlib archive entry writes to the extraction root,"Trace an archive entry name to a filesystem write path. Treat direct writes using filepath.Join(root, archiveName) and ordinary os write APIs as potentially escaping; `os.Root` operations on the same root confine `..` and symlinks under their documented threat model. Do not assume tar/zip ErrInsecurePath is enabled, fatal, or validates tar link targets. Lexical filepath.IsLocal/Clean alone does not prove symlink/race safety. Start with a proven ../ escape in raw entries obtained by iterating Reader.File or Reader.Next. Do not treat all dynamic entry names as escaping, or assume Go filepath.Join has another runtime's absolute-component semantics.",https://pkg.go.dev/archive/tar@go1.27.1; https://pkg.go.dev/archive/zip@go1.27.1; https://pkg.go.dev/os@go1.27.1; https://go.dev/blog/osroot,research-only
node-crypto-authenticated-decipher-finalization,JavaScript/TypeScript (Node.js built-ins),taint + typestate,P1,candidate,node:crypto.createDecipheriv; Decipheriv.update; Decipheriv.setAAD; Decipheriv.setAuthTag; Decipheriv.final,Do not consume authenticated-decryption plaintext before decipher.final succeeds,"For authenticated modes documented by Node (GCM, CCM, OCB, chacha20-poly1305), treat update() output as unauthenticated until the exact same Decipheriv instance completes final() successfully; only then allow trusted use. Respect mode-specific ordering: setAuthTag before update for CCM, before final for GCM/OCB/chacha20-poly1305. If final throws, discard all accumulated output. Pure private staging/parsing alone is not an authenticity-bypass finding: require an effect, publication or trusted decision from the provisional bytes. Configure any application-owned consuming boundary explicitly.",https://nodejs.org/download/release/v24.16.0/docs/api/crypto.html; https://raw.githubusercontent.com/nodejs/node/v24.16.0/lib/internal/crypto/cipher.js,research-only
go-net-http-response-body-completion,Go,taint,P2,existing-owner,"net/http.Client.Do/Get/Head/Post; net/http.Response.Body; io.ReadAll; io.Copy; io.Copy(io.Discard, body); io.ReadCloser.Close",Close successful net/http client response bodies on every exit,"Only treat a response body as caller-owned after the client call returns err == nil. Require close on all exits or a proven ownership transfer. Reading to EOF without Close is insufficient for the documented caller obligation; Close without full reading can still be correct, though connection reuse is not guaranteed. A non-nil Response with non-nil error is limited to redirect failure and its body is already closed.",https://pkg.go.dev/net/http@go1.27.1; https://raw.githubusercontent.com/golang/go/go1.27.1/src/net/http/client.go,research-only
node-child-process-shell-boundary,JavaScript/TypeScript (Node.js built-ins),taint,P2,existing-owner,node:child_process.exec; execSync; spawn; spawnSync; execFile; execFileSync; options.shell,Keep dynamic command text away from Node child_process shell APIs,"Track attacker-controlled command text into an exact shell-interpreting API: exec/execSync or spawn/execFile variants with shell:true. Do not report shell injection solely because tainted data is one argv element with shell disabled. Keep option injection, executable selection, and filesystem path validation as separate contracts.",https://nodejs.org/download/release/v24.16.0/docs/api/child_process.html; https://raw.githubusercontent.com/nodejs/node/v24.16.0/lib/child_process.js,research-only
rust-child-reaping,rust,typestate,P1,candidate,"std::process::Command::spawn; std::process::Child::{wait,wait_with_output,try_wait,kill}",Owned std::process::Child must reach a proven reap or ownership transfer,"For a successfully spawned, locally owned child in a long-running Unix process, require a successful wait/wait_with_output or try_wait returning Ok(Some(_)) before ownership is discarded. kill alone is not a reap. Model live, reaped and transferred states; do not treat drop as waiting.",https://doc.rust-lang.org/std/process/struct.Child.html; https://doc.rust-lang.org/std/process/struct.Command.html,research-only
rust-explicit-shell-command,rust,taint,P2,candidate,"std::process::Command::{new,arg,args,spawn,status,output}",Untrusted data enters an explicit shell command executed by std::process::Command,"On a pinned Unix platform, prove a Command targeting an explicitly reviewed shell such as /bin/sh receives untrusted shell syntax in its -c command operand and is executed. Generic Command arguments are data, not shell syntax. Windows cmd.exe/batch parsing requires a separate contract.",https://doc.rust-lang.org/std/process/struct.Command.html,research-only
rust-path-root-containment,rust,taint,P2,candidate,"std::path::Path::join; std::path::PathBuf::push; std::fs::{write,File::create,OpenOptions::open}",Untrusted std::path composition reaches a filesystem write outside a declared root,"For an application-declared storage root, track untrusted path components through std path composition into an executed write and prove the resulting target can escape the root. Absolute components replace the base; lexical checks do not establish symlink/race safety.",https://doc.rust-lang.org/std/path/struct.PathBuf.html; https://doc.rust-lang.org/std/fs/fn.write.html,research-only
c-stdio-format-taint,c/cpp,taint,P2,needs-identity-recheck,printf; fprintf; sprintf; snprintf; vprintf; vfprintf; vsnprintf,Untrusted bytes reach the format operand of a libc printf-family call,"Track attacker-controlled input into the exact format operand of a reached libc formatted-output function, including wrappers. Data in a constant-format %s argument is a near miss. A bounded destination does not make a tainted format safe.",https://sourceware.org/glibc/manual/2.39/html_node/Formatted-Output-Functions.html; https://sourceware.org/glibc/manual/latest/html_node/Variable-Arguments-Output.html,research-only
c-stream-close-protocol,c/cpp,typestate,P2,existing-owner,fopen; fclose; popen; pclose; fread; fwrite,Track FILE ownership and the correct close operation for ordinary and subprocess streams,"After a successful acquisition, distinguish an ordinary FILE stream from a subprocess stream. The former closes via fclose; the latter closes/waits via pclose. Subsequent use or duplicate close on a proven closed alias is a protocol violation. Returning a stream can transfer ownership.",https://sourceware.org/glibc/manual/2.23/html_node/Closing-Streams.html; https://sourceware.org/glibc/manual/2.40/html_node/Pipe-to-a-Subprocess.html,research-only
php-proc-open-paired-ownership,php,typestate,P2,candidate,proc_open; fclose; proc_close,proc_open process and pipe ownership must be settled in order,"After successful proc_open, correlate the returned process resource with the output pipes. Track owned pipes and require closure before blocking proc_close where a still-open pipe can prevent child completion. Resource release and pipe release are distinct events; no deadlock claim without a concrete blocking dependency.",https://www.php.net/manual/en/function.proc-open.php,research-only
php-runtime-deserialization,php,taint,P2,existing-catalog-routing,unserialize,Untrusted bytes reach runtime unserialize,Prove untrusted serialized bytes reach the first argument. allowed_classes is not a blanket safety guarantee; use data-only interchange as the close alternative. Authentication of stored bytes must precede deserialization with an exact integrity/trust contract.,https://www.php.net/unserialize,research-only
ruby-marshal-untrusted-load,ruby,taint,P2,existing-catalog-routing,Marshal.load; Marshal.restore,Untrusted bytes reach Ruby Marshal.load/restore,Track untrusted bytes or a stream into runtime object deserialization. Hooks can execute during loading; post-load type checking cannot guard the load itself.,https://docs.ruby-lang.org/en/3.4/Marshal.html,research-only
rust-maybeuninit-initialization-state,rust,typestate,P1,candidate,"std::mem::MaybeUninit::{uninit,new,write,assume_init,assume_init_ref,assume_init_mut,assume_init_read,assume_init_drop}",Prove MaybeUninit initialization before assuming a T value,"For an exact MaybeUninit<T> created in an uninitialized state, report an assume_init-family operation only when analysis proves that the same object is still uninitialized on a feasible reaching path. A successful write of a valid T or MaybeUninit::new establishes initialization. zeroed is not a generic initializer: all-zero validity and T's other invariants are type-specific. This lead covers missing initialization only; duplicate assume_init_read on non-Copy data is a separate ownership contract.",https://doc.rust-lang.org/std/mem/union.MaybeUninit.html,research-only
rust-condvar-predicate-recheck,rust,typestate,P2,candidate,"std::sync::Condvar::{wait,wait_timeout,wait_while,wait_timeout_while}; std::sync::{Mutex,MutexGuard}",Recheck the guarded predicate after Condvar::wait returns,"When code waits because a mutex-protected predicate is false and then consumes state as though the predicate became true, the same predicate must be checked again after every wait return while holding the reacquired guard. Condvar::wait can return spuriously; another waiter can also consume a condition before this thread reacquires the mutex. wait_while and wait_timeout_while repeat the predicate check. This is not a finding for notification waits whose continuation safely handles a false predicate.",https://doc.rust-lang.org/std/sync/struct.Condvar.html,research-only
rust-bufwriter-drop-hidden-flush-error,rust,typestate,P2,candidate,"std::io::BufWriter::{with_capacity,write,write_all,flush,into_inner,into_parts}; std::ops::Drop::drop",Do not report successful output when BufWriter drop hides a pending flush failure,"Only for an application-declared output boundary where success promises delivery, report a BufWriter that still has pending bytes when control returns success without a checked completion transition: Drop attempts to flush but ignores any error. A successful checked flush or checked into_inner discharges the pending-output state. into_parts intentionally returns unwritten bytes and is a near miss when that data is retained or retried. This does not imply durable storage; File::sync_all is a separate contract. For a generic underlying buffered writer, into_inner only discharges this BufWriter layer; require the separately declared downstream completion contract. Empty buffers and successful prior flush with no later writes are near misses.",https://doc.rust-lang.org/std/io/struct.BufWriter.html,research-only
rust-unix-pre-exec-callback-safety,rust,execution-context safety precondition,P2,deferred-proof-heavy,"std::os::unix::process::CommandExt::pre_exec; std::process::Command::{spawn,status,output}; std::env::{var,var_os}; std::sync::Mutex::lock",Audit operations in Unix CommandExt::pre_exec callbacks,"A concern requires the exact pre_exec closure to contain or reach an operation that is not safe in the post-fork child and the same Command to be executed by spawn, status or output on Unix. Registration alone is not a finding. CommandExt::exec does not fork and is outside this contract.",https://doc.rust-lang.org/std/os/unix/process/trait.CommandExt.html; https://doc.rust-lang.org/std/process/struct.Command.html,research-only
rust-process-environment-mutation-thread-state,rust,concurrency safety precondition,P2,deferred-proof-heavy,"std::env::{set_var,remove_var,var,var_os}; std::thread::{spawn,Builder::spawn,JoinHandle::join}",Process environment mutation has a global concurrency precondition on non-Windows targets,"On Windows the documented mutation is sound in multithreaded programs; on non-Windows, soundness requires no other thread concurrently accessing the process environment through functions or global variables outside std::env. A thread merely existing is not enough to prove a violation, while a complete proof must account for opaque standard-library and C-library readers. This remains a platform-wide concurrency precondition, not a taint rule. The exact documented prohibition concerns concurrent access through functions or global variables outside std::env. Do not treat std::env::var_os on another thread alone as a violation witness.",https://doc.rust-lang.org/std/env/fn.set_var.html; https://doc.rust-lang.org/stable/edition-guide/rust-2024/newly-unsafe-functions.html,research-only
ruby-net-http-active-peer-verification-disabled,ruby,typestate,P1,candidate,"Net::HTTP.start(address, use_ssl: true, verify_mode: OpenSSL::SSL::VERIFY_NONE); Net::HTTP#use_ssl=; Net::HTTP#verify_mode=; Net::HTTP#request; Net::HTTP.get_response; Net::HTTP#get",Active HTTPS Net::HTTP clients can disable peer verification,"Scope this hypothesis to CRuby 3.4.0 with the shipped default gem net-http 0.6.0 and OpenSSL bindings resolved by that exact runtime. Report only when the same Net::HTTP instance uses TLS, its effective verify_mode is VERIFY_NONE at connection setup, and an HTTPS request reaches the active session. VERIFY_PEER is a near miss. A custom verification callback or a later configuration override is unresolved unless its effective behavior is proven.",https://docs.ruby-lang.org/en/3.4/Net/HTTP.html; https://docs.ruby-lang.org/en/3.4/NEWS_md.html; https://docs.ruby-lang.org/en/3.4/OpenSSL/SSL/SSLContext.html,research-only
ruby-open3-popen3-paired-pipe-draining,ruby,typestate,P2,deferred-proof-heavy,"Open3.popen3(command, *args); Open3.capture3(command, *args)",Open3.popen3 can deadlock when stdout and stderr are drained sequentially,"Scope to Ruby 3.4.0 with the exact loaded Open3 implementation pinned. A possible finding requires proof that the child writes enough bytes to one returned pipe to fill its effective OS buffer before it exits or writes the other stream, while the parent waits for the other stream to reach EOF before draining the first. The guarantee is execution and environment dependent; sequential reads alone do not prove a deadlock.",https://docs.ruby-lang.org/en/3.4/Open3.html; https://docs.ruby-lang.org/en/3.4/Process.html; https://raw.githubusercontent.com/ruby/ruby/v3_4_0/lib/open3.rb; https://github.com/ruby/ruby/blob/v3_4_0/lib/open3/version.rb,research-only
ruby-open3-popen3-owned-pipe-closure,ruby,typestate,P2,existing-owner,"Open3.popen3(command, *args); IO#close; Process::Waiter#value (status retrieval, not required for reaping)",Open3.popen3 non-block callers own the returned pipe cleanup,"Scope to CRuby 3.4.0 with the exact loaded Open3 implementation pinned. In non-block form, each returned pipe owned by the caller should be closed unless ownership is explicitly transferred. The block form closes the streams and joins the wait thread. Open3's wait thread is established via Process.detach, so wait_thr.value is status retrieval rather than mandatory reaping.",https://docs.ruby-lang.org/en/3.4/Open3.html; https://raw.githubusercontent.com/ruby/ruby/v3_4_0/lib/open3.rb; https://docs.ruby-lang.org/en/3.4/Process.html; https://github.com/ruby/ruby/blob/v3_4_0/lib/open3/version.rb,research-only
ruby-tempfile-create-unlinked-owner,ruby,typestate,P2,existing-owner,"Tempfile.create(basename, tmpdir, anonymous: false); Tempfile.create(..., &block); Tempfile.create(..., anonymous: true); Tempfile.new",Tempfile.create without a block leaves a persistent file to its caller,"Scope to CRuby 3.4.0 with default gem tempfile 0.3.1. For the default non-block, anonymous:false form, the returned File and path remain caller-owned; close alone does not remove the path. A finding requires evidence the file is intended to be temporary and is no longer needed; an intentionally retained, renamed, or transferred artifact is not a cleanup violation. The block form closes and unlinks; anonymous:true removes before return. Platform-specific anonymous behavior stays version and OS scoped. The deletion obligation applies to a declared temporary-use scope when the file is no longer needed. A deliberately retained file, a successfully renamed output artifact, or transferred ownership is not a missing-unlink finding.",https://docs.ruby-lang.org/en/3.4/Tempfile.html; https://docs.ruby-lang.org/en/3.4/NEWS_md.html,research-only
ruby-kernel-open-pipe-command-taint,ruby,taint,P2,existing-owner,"Kernel.open(path, mode, perm, **opts); File.open(path, mode, perm, **opts) (near-miss identity)",A leading pipe makes Ruby 3.4 Kernel.open execute a command,"Scope only to CRuby 3.4.0 core Kernel.open where the executed string path begins with `|`; Ruby 4.0 is excluded because this mode is removed. Track attacker-controlled command text into the leading-pipe form and an actual call. Ordinary file paths and File.open do not satisfy this contract. For a shell-injection claim, also prove shell-language selection or metacharacter flow under the pinned command-invocation contract; pipe mode alone can invoke an executable directly. Unauthorized executable selection is a separate declared trust boundary.",https://docs.ruby-lang.org/en/3.4/Kernel.html; https://docs.ruby-lang.org/en/3.4/command_injection_rdoc.html; https://docs.ruby-lang.org/ja/4.0/method/Kernel/m/open.html,research-only
ruby-psych-unsafe-load-untrusted-yaml,ruby,taint,P2,existing-catalog-routing,"Psych.unsafe_load(yaml, **kwargs); Psych.unsafe_load_file(filename, **kwargs); Psych.safe_load(yaml, **kwargs) (near miss); Psych.load(yaml, **kwargs) (safe-load-like in Psych 5.2.2)",Untrusted YAML reaches Psych.unsafe_load object construction,"Scope to CRuby 3.4.0 with shipped default gem psych 5.2.2. Report only when untrusted YAML bytes reach Psych.unsafe_load or unsafe_load_file and deserialization can instantiate an attacker-selected object graph. Do not infer danger from YAML.load in this version, from safe_load with its restricted classes, or from parsing a data-only primitive document. Other Psych versions require separate behavior evidence.",https://docs.ruby-lang.org/en/3.4/Psych.html; https://docs.ruby-lang.org/en/3.4/NEWS/NEWS-3_1_0_md.html; https://docs.ruby-lang.org/en/3.4/NEWS_md.html,research-only
